Project,AuthorID,CommentCount,IssueCount
HADOOP,8340,3622,1523
HADOOP,8527,2905,1000
HADOOP,8381,2443,1218
HADOOP,30471,2283,558
HADOOP,8350,2019,633
HADOOP,8552,1690,610
HADOOP,7895,1642,585
HADOOP,8187,1621,673
HADOOP,8481,1557,593
HADOOP,8532,1390,620
HADOOP,36200,1347,399
HADOOP,8367,1330,612
HADOOP,8598,1151,465
HADOOP,8494,1138,305
HADOOP,8489,1131,321
HADOOP,36067,1041,302
HADOOP,7962,1032,456
HADOOP,8658,951,270
HADOOP,7819,805,372
HADOOP,8166,775,338
HADOOP,8478,748,289
HADOOP,8221,734,477
HADOOP,8290,705,196
HADOOP,36159,705,185
HADOOP,8471,660,258
HADOOP,7884,657,215
HADOOP,36076,630,172
HADOOP,9488,627,235
HADOOP,7932,600,151
HADOOP,25399,562,283
HADOOP,7830,504,209
HADOOP,7827,498,207
HADOOP,8112,497,170
HADOOP,8374,470,197
HADOOP,8066,470,173
HADOOP,8391,464,142
HADOOP,8530,427,171
HADOOP,8370,411,178
HADOOP,7905,402,138
HADOOP,8603,376,103
HADOOP,22055,371,73
HADOOP,8805,331,67
HADOOP,8652,320,145
HADOOP,36063,318,118
HADOOP,8581,304,102
HADOOP,8057,290,110
HADOOP,8635,289,96
HADOOP,8063,283,128
HADOOP,36303,280,246
HADOOP,36458,254,67
HADOOP,36282,250,136
HADOOP,36193,250,94
HADOOP,8327,248,81
HADOOP,8218,247,71
HADOOP,30870,214,65
HADOOP,36330,211,79
HADOOP,8594,205,105
HADOOP,8485,203,51
HADOOP,36278,201,55
HADOOP,8537,198,69
HADOOP,8473,196,76
HADOOP,7896,193,54
HADOOP,22062,192,73
HADOOP,8363,191,123
HADOOP,8498,187,36
HADOOP,17239,185,43
HADOOP,8655,179,45
HADOOP,8619,176,52
HADOOP,8534,170,88
HADOOP,8480,168,61
HADOOP,36312,162,60
HADOOP,36467,155,27
HADOOP,30902,154,70
HADOOP,8524,141,76
HADOOP,17133,140,47
HADOOP,32643,138,36
HADOOP,36545,135,39
HADOOP,8468,126,38
HADOOP,9065,119,53
HADOOP,34002,116,46
HADOOP,8499,115,25
HADOOP,30640,112,28
HADOOP,25986,110,45
HADOOP,7845,109,34
HADOOP,8539,109,37
HADOOP,36115,107,39
HADOOP,8545,106,52
HADOOP,7870,104,20
HADOOP,8654,104,43
HADOOP,22000,104,42
HADOOP,30862,103,18
HADOOP,30901,103,29
HADOOP,8657,101,40
HADOOP,20847,101,51
HADOOP,30832,100,37
HADOOP,30851,98,31
HADOOP,36279,97,61
HADOOP,36503,96,28
HADOOP,36578,96,40
HADOOP,21571,95,47
HADOOP,36359,93,13
HADOOP,36554,90,21
HADOOP,36217,81,50
HADOOP,7953,80,35
HADOOP,17233,79,25
HADOOP,8305,74,18
HADOOP,7815,73,26
HADOOP,8576,72,16
HADOOP,8541,65,18
HADOOP,26607,63,19
HADOOP,21965,62,8
HADOOP,8567,62,29
HADOOP,36402,59,13
HADOOP,26079,59,25
HADOOP,7849,59,20
HADOOP,36245,58,9
HADOOP,46778,58,9
HADOOP,30717,58,12
HADOOP,36094,57,8
HADOOP,8506,56,24
HADOOP,8618,54,17
HADOOP,8466,53,22
HADOOP,47179,53,18
HADOOP,8584,52,14
HADOOP,30941,52,12
HADOOP,8476,52,23
HADOOP,8592,52,22
HADOOP,36205,51,10
HADOOP,8562,47,18
HADOOP,7829,46,19
HADOOP,34179,45,31
HADOOP,36553,45,12
HADOOP,7862,44,23
HADOOP,8076,43,3
HADOOP,45823,43,10
HADOOP,8020,43,12
HADOOP,36234,43,14
HADOOP,47194,42,19
HADOOP,30540,42,6
HADOOP,36517,42,8
HADOOP,36085,42,18
HADOOP,36504,41,21
HADOOP,36281,40,8
HADOOP,36466,39,6
HADOOP,36600,39,22
HADOOP,8041,39,25
HADOOP,8602,39,12
HADOOP,36012,39,31
HADOOP,17146,38,10
HADOOP,30821,38,3
HADOOP,36451,38,10
HADOOP,45396,37,19
HADOOP,36547,37,13
HADOOP,36134,37,13
HADOOP,8174,37,18
HADOOP,7818,36,11
HADOOP,36342,35,10
HADOOP,30523,35,12
HADOOP,27879,34,15
HADOOP,47019,33,1
HADOOP,47171,33,1
HADOOP,18549,33,11
HADOOP,8667,33,12
HADOOP,36580,32,10
HADOOP,8587,32,10
HADOOP,8553,31,13
HADOOP,8647,31,9
HADOOP,36416,31,27
HADOOP,36161,31,11
HADOOP,8472,30,6
HADOOP,36590,29,10
HADOOP,8475,29,9
HADOOP,7924,28,6
HADOOP,45825,27,5
HADOOP,36260,27,5
HADOOP,36424,26,6
HADOOP,36127,26,9
HADOOP,8282,26,11
HADOOP,25306,26,1
HADOOP,25410,25,7
HADOOP,32611,25,5
HADOOP,7850,25,13
HADOOP,8362,25,9
HADOOP,45715,25,12
HADOOP,36030,25,10
HADOOP,46856,25,1
HADOOP,36587,25,11
HADOOP,36420,25,4
HADOOP,36432,25,6
HADOOP,12280,25,11
HADOOP,47150,24,6
HADOOP,37508,24,7
HADOOP,8608,24,7
HADOOP,30892,24,7
HADOOP,36409,24,9
HADOOP,8495,23,7
HADOOP,36577,23,10
HADOOP,36137,23,9
HADOOP,36375,23,6
HADOOP,36064,22,3
HADOOP,36135,22,17
HADOOP,36362,22,6
HADOOP,30516,22,6
HADOOP,46117,21,4
HADOOP,45560,21,6
HADOOP,36079,21,8
HADOOP,30802,21,9
HADOOP,7909,20,7
HADOOP,8536,20,8
HADOOP,7842,20,10
HADOOP,47005,20,2
HADOOP,8560,20,5
HADOOP,27929,19,4
HADOOP,36156,19,6
HADOOP,8500,19,13
HADOOP,7951,19,11
HADOOP,46911,19,4
HADOOP,7935,19,9
HADOOP,36514,19,14
HADOOP,8509,19,9
HADOOP,35673,19,5
HADOOP,8050,19,4
HADOOP,8135,19,8
HADOOP,36568,19,3
HADOOP,8526,19,5
HADOOP,8488,18,9
HADOOP,36041,18,3
HADOOP,8617,18,10
HADOOP,17188,18,7
HADOOP,21663,18,3
HADOOP,8607,18,8
HADOOP,47058,18,1
HADOOP,30488,17,8
HADOOP,36320,17,13
HADOOP,45718,17,1
HADOOP,36604,17,1
HADOOP,26773,17,4
HADOOP,32649,17,5
HADOOP,8178,17,6
HADOOP,7897,17,5
HADOOP,34155,16,8
HADOOP,8469,16,6
HADOOP,8631,16,5
HADOOP,17117,16,3
HADOOP,30889,16,10
HADOOP,36274,16,10
HADOOP,21993,16,2
HADOOP,45085,16,7
HADOOP,21339,15,8
HADOOP,36399,15,10
HADOOP,26712,15,7
HADOOP,34071,15,1
HADOOP,8351,15,2
HADOOP,21983,15,5
HADOOP,45256,14,4
HADOOP,47170,14,1
HADOOP,18091,14,1
HADOOP,47105,14,1
HADOOP,22024,14,4
HADOOP,39367,14,2
HADOOP,21010,14,7
HADOOP,36415,13,10
HADOOP,36498,13,5
HADOOP,36581,13,8
HADOOP,8554,13,2
HADOOP,47078,13,2
HADOOP,21050,13,7
HADOOP,21309,13,3
HADOOP,26643,13,8
HADOOP,36384,13,2
HADOOP,5754,12,1
HADOOP,46868,12,1
HADOOP,36070,12,6
HADOOP,30670,12,5
HADOOP,36617,12,7
HADOOP,25385,12,5
HADOOP,36583,12,4
HADOOP,45102,12,7
HADOOP,30912,12,5
HADOOP,29515,11,3
HADOOP,22079,11,4
HADOOP,47043,11,4
HADOOP,47032,11,3
HADOOP,8630,11,2
HADOOP,36091,11,5
HADOOP,45552,11,1
HADOOP,47135,11,4
HADOOP,46830,11,4
HADOOP,46299,11,3
HADOOP,47197,11,5
HADOOP,30830,11,3
HADOOP,36561,11,6
HADOOP,8484,11,6
HADOOP,34177,11,4
HADOOP,26914,10,6
HADOOP,8589,10,4
HADOOP,36284,10,6
HADOOP,8604,10,1
HADOOP,46946,10,1
HADOOP,36339,10,2
HADOOP,8623,10,4
HADOOP,37839,10,5
HADOOP,30745,10,1
HADOOP,36039,10,4
HADOOP,7750,10,1
HADOOP,8639,10,1
HADOOP,30875,10,5
HADOOP,22039,10,6
HADOOP,8518,10,1
HADOOP,36598,10,3
HADOOP,46878,10,2
HADOOP,36209,10,2
HADOOP,42871,10,2
HADOOP,36040,10,3
HADOOP,7973,10,5
HADOOP,7992,10,7
HADOOP,14631,9,3
HADOOP,45672,9,3
HADOOP,32608,9,3
HADOOP,45853,9,2
HADOOP,8130,9,5
HADOOP,47145,9,3
HADOOP,45824,9,3
HADOOP,37078,9,1
HADOOP,7925,9,3
HADOOP,36822,9,1
HADOOP,46977,9,1
HADOOP,8614,9,2
HADOOP,47047,9,5
HADOOP,36508,9,2
HADOOP,5233,9,3
HADOOP,46918,9,3
HADOOP,23070,9,2
HADOOP,17067,9,5
HADOOP,25404,9,4
HADOOP,47044,9,1
HADOOP,47106,9,2
HADOOP,36385,9,5
HADOOP,29987,9,5
HADOOP,46817,9,2
HADOOP,39586,9,4
HADOOP,8653,9,2
HADOOP,5900,9,2
HADOOP,45640,9,2
HADOOP,46771,9,4
HADOOP,7880,9,7
HADOOP,8266,9,2
HADOOP,30882,9,9
HADOOP,46408,9,2
HADOOP,17201,8,4
HADOOP,36438,8,4
HADOOP,47098,8,3
HADOOP,47063,8,4
HADOOP,8347,8,6
HADOOP,47169,8,5
HADOOP,16988,8,3
HADOOP,36124,8,2
HADOOP,36291,8,2
HADOOP,22976,8,2
HADOOP,43602,8,2
HADOOP,8569,8,2
HADOOP,21851,8,5
HADOOP,36331,8,4
HADOOP,294,8,1
HADOOP,46883,8,4
HADOOP,30716,8,2
HADOOP,30881,8,3
HADOOP,36050,8,2
HADOOP,36505,8,2
HADOOP,8307,8,3
HADOOP,35830,8,1
HADOOP,47039,8,2
HADOOP,45344,8,4
HADOOP,36311,7,4
HADOOP,44949,7,2
HADOOP,7806,7,1
HADOOP,25293,7,1
HADOOP,7886,7,4
HADOOP,32555,7,2
HADOOP,4185,7,4
HADOOP,8047,7,3
HADOOP,36523,7,2
HADOOP,36552,7,3
HADOOP,36383,7,1
HADOOP,30913,7,5
HADOOP,36224,7,4
HADOOP,36367,7,3
HADOOP,8043,7,3
HADOOP,36052,7,1
HADOOP,8470,7,3
HADOOP,30463,7,4
HADOOP,36606,7,2
HADOOP,29106,7,2
HADOOP,7919,7,5
HADOOP,8233,7,6
HADOOP,45758,7,4
HADOOP,17168,7,2
HADOOP,8378,7,3
HADOOP,8247,7,2
HADOOP,22058,7,2
HADOOP,8244,7,7
HADOOP,8575,7,3
HADOOP,36862,6,1
HADOOP,8605,6,1
HADOOP,46919,6,1
HADOOP,8254,6,4
HADOOP,47015,6,1
HADOOP,46899,6,2
HADOOP,7970,6,2
HADOOP,8558,6,3
HADOOP,25311,6,2
HADOOP,9298,6,1
HADOOP,7971,6,2
HADOOP,36546,6,2
HADOOP,34180,6,3
HADOOP,47060,6,1
HADOOP,34053,6,5
HADOOP,8501,6,3
HADOOP,42426,6,2
HADOOP,35494,6,2
HADOOP,47182,6,2
HADOOP,8388,6,5
HADOOP,36569,6,3
HADOOP,36125,6,3
HADOOP,9393,6,2
HADOOP,47033,6,1
HADOOP,45836,6,2
HADOOP,46819,6,1
HADOOP,30440,6,5
HADOOP,8168,6,3
HADOOP,46413,6,1
HADOOP,30609,6,1
HADOOP,30613,6,1
HADOOP,36398,6,6
HADOOP,36593,6,4
HADOOP,45864,6,2
HADOOP,8149,6,2
HADOOP,498,6,3
HADOOP,30934,6,2
HADOOP,30735,6,1
HADOOP,30740,6,2
HADOOP,32604,6,2
HADOOP,45710,6,1
HADOOP,30786,6,1
HADOOP,8292,6,2
HADOOP,8283,6,4
HADOOP,30820,6,1
HADOOP,45509,6,1
HADOOP,45110,6,2
HADOOP,21449,6,4
HADOOP,21558,6,2
HADOOP,36157,5,1
HADOOP,46790,5,1
HADOOP,30593,5,2
HADOOP,46893,5,3
HADOOP,36536,5,2
HADOOP,26154,5,5
HADOOP,47200,5,1
HADOOP,26077,5,2
HADOOP,36328,5,3
HADOOP,17219,5,3
HADOOP,9936,5,2
HADOOP,17139,5,4
HADOOP,30681,5,1
HADOOP,34119,5,3
HADOOP,8521,5,3
HADOOP,44861,5,1
HADOOP,36068,5,3
HADOOP,8525,5,2
HADOOP,19126,5,1
HADOOP,21455,5,3
HADOOP,17494,5,2
HADOOP,25277,5,1
HADOOP,25060,5,1
HADOOP,45382,5,3
HADOOP,47125,5,1
HADOOP,47192,5,3
HADOOP,46403,5,2
HADOOP,8573,5,1
HADOOP,36562,5,1
HADOOP,47178,5,1
HADOOP,46844,5,2
HADOOP,36446,5,3
HADOOP,47110,5,4
HADOOP,16528,5,1
HADOOP,46295,5,1
HADOOP,46847,5,1
HADOOP,46852,5,1
HADOOP,8663,5,4
HADOOP,6474,5,1
HADOOP,36605,5,3
HADOOP,45648,5,3
HADOOP,46059,5,1
HADOOP,21828,5,4
HADOOP,47191,5,2
HADOOP,47059,5,1
HADOOP,26683,5,2
HADOOP,45780,5,1
HADOOP,8343,5,1
HADOOP,45849,5,1
HADOOP,8626,5,3
HADOOP,7948,5,2
HADOOP,30537,5,5
HADOOP,47188,5,2
HADOOP,46797,5,1
HADOOP,30559,5,3
HADOOP,46864,5,1
HADOOP,36588,5,2
HADOOP,26969,4,3
HADOOP,47061,4,1
HADOOP,47172,4,3
HADOOP,6779,4,1
HADOOP,47081,4,2
HADOOP,47082,4,2
HADOOP,7111,4,2
HADOOP,8644,4,1
HADOOP,47022,4,1
HADOOP,47013,4,1
HADOOP,8629,4,1
HADOOP,47199,4,2
HADOOP,46927,4,1
HADOOP,22095,4,3
HADOOP,25295,4,2
HADOOP,46897,4,2
HADOOP,25353,4,2
HADOOP,25408,4,1
HADOOP,8520,4,3
HADOOP,25590,4,1
HADOOP,7838,4,3
HADOOP,46870,4,1
HADOOP,47107,4,2
HADOOP,26949,4,2
HADOOP,47068,4,3
HADOOP,28530,4,2
HADOOP,46831,4,1
HADOOP,8349,4,1
HADOOP,30466,4,1
HADOOP,46793,4,2
HADOOP,8319,4,1
HADOOP,30641,4,1
HADOOP,46779,4,1
HADOOP,46776,4,2
HADOOP,8300,4,2
HADOOP,46743,4,2
HADOOP,30906,4,3
HADOOP,3562,4,1
HADOOP,32629,4,2
HADOOP,45838,4,2
HADOOP,47140,4,4
HADOOP,47190,4,1
HADOOP,37413,4,1
HADOOP,45685,4,2
HADOOP,36054,4,2
HADOOP,47146,4,4
HADOOP,36586,4,1
HADOOP,36112,4,3
HADOOP,45617,4,2
HADOOP,36564,4,3
HADOOP,45616,4,3
HADOOP,36558,4,2
HADOOP,36172,4,2
HADOOP,7954,4,1
HADOOP,47196,4,2
HADOOP,42709,4,2
HADOOP,36540,4,3
HADOOP,36250,4,2
HADOOP,36510,4,1
HADOOP,36506,4,2
HADOOP,45555,4,1
HADOOP,44933,4,1
HADOOP,45488,4,3
HADOOP,36463,4,1
HADOOP,7985,4,2
HADOOP,45278,4,1
HADOOP,47073,4,1
HADOOP,8264,3,2
HADOOP,46987,3,1
HADOOP,30823,3,1
HADOOP,46753,3,1
HADOOP,46760,3,2
HADOOP,46772,3,1
HADOOP,46992,3,1
HADOOP,46773,3,2
HADOOP,30680,3,2
HADOOP,46780,3,2
HADOOP,46794,3,1
HADOOP,21007,3,1
HADOOP,30562,3,2
HADOOP,47187,3,1
HADOOP,47116,3,2
HADOOP,30499,3,2
HADOOP,47026,3,1
HADOOP,42377,3,2
HADOOP,47113,3,2
HADOOP,47186,3,1
HADOOP,46846,3,1
HADOOP,17175,3,1
HADOOP,36448,3,3
HADOOP,26985,3,1
HADOOP,26802,3,1
HADOOP,36560,3,1
HADOOP,46995,3,2
HADOOP,36410,3,1
HADOOP,46867,3,1
HADOOP,18926,3,1
HADOOP,36557,3,2
HADOOP,18384,3,1
HADOOP,47079,3,1
HADOOP,45585,3,1
HADOOP,7956,3,2
HADOOP,45564,3,2
HADOOP,47210,3,1
HADOOP,8632,3,2
HADOOP,36382,3,1
HADOOP,36201,3,1
HADOOP,46881,3,1
HADOOP,8528,3,3
HADOOP,46882,3,1
HADOOP,36223,3,2
HADOOP,8556,3,1
HADOOP,17648,3,1
HADOOP,36237,3,2
HADOOP,25310,3,3
HADOOP,23087,3,2
HADOOP,7982,3,2
HADOOP,5178,3,3
HADOOP,36527,3,2
HADOOP,22086,3,2
HADOOP,46914,3,1
HADOOP,17532,3,1
HADOOP,8574,3,1
HADOOP,21997,3,1
HADOOP,8595,3,2
HADOOP,46920,3,1
HADOOP,21830,3,3
HADOOP,17320,3,1
HADOOP,36298,3,2
HADOOP,21802,3,2
HADOOP,9234,3,2
HADOOP,21479,3,2
HADOOP,46952,3,1
HADOOP,44872,3,1
HADOOP,46954,3,1
HADOOP,47083,3,1
HADOOP,34169,3,2
HADOOP,45766,3,2
HADOOP,8065,3,2
HADOOP,7922,3,2
HADOOP,8089,3,1
HADOOP,34046,3,2
HADOOP,36888,3,1
HADOOP,34039,3,1
HADOOP,35508,3,2
HADOOP,45785,3,1
HADOOP,32644,3,2
HADOOP,8138,3,2
HADOOP,47207,3,1
HADOOP,8165,3,3
HADOOP,45702,3,1
HADOOP,7805,3,2
HADOOP,46978,3,1
HADOOP,32594,3,1
HADOOP,45874,3,2
HADOOP,47137,3,1
HADOOP,46330,3,1
HADOOP,8222,3,2
HADOOP,46740,3,1
HADOOP,36049,3,1
HADOOP,46752,3,1
HADOOP,47016,2,1
HADOOP,1641,2,1
HADOOP,3474,2,1
HADOOP,4035,2,1
HADOOP,5236,2,1
HADOOP,7808,2,2
HADOOP,7836,2,2
HADOOP,7872,2,2
HADOOP,7957,2,1
HADOOP,8013,2,2
HADOOP,8037,2,2
HADOOP,8093,2,1
HADOOP,8100,2,2
HADOOP,8141,2,1
HADOOP,8180,2,1
HADOOP,8196,2,1
HADOOP,8332,2,1
HADOOP,8334,2,2
HADOOP,8337,2,1
HADOOP,8376,2,2
HADOOP,8479,2,2
HADOOP,8568,2,1
HADOOP,8570,2,1
HADOOP,8586,2,2
HADOOP,8591,2,1
HADOOP,8606,2,1
HADOOP,9090,2,1
HADOOP,15085,2,2
HADOOP,15622,2,1
HADOOP,16236,2,2
HADOOP,17025,2,1
HADOOP,17154,2,2
HADOOP,17200,2,2
HADOOP,17703,2,1
HADOOP,21188,2,1
HADOOP,21478,2,2
HADOOP,21823,2,1
HADOOP,22059,2,1
HADOOP,22096,2,2
HADOOP,25253,2,1
HADOOP,25314,2,1
HADOOP,25368,2,1
HADOOP,25583,2,1
HADOOP,25830,2,2
HADOOP,25851,2,1
HADOOP,26689,2,1
HADOOP,26821,2,1
HADOOP,28218,2,1
HADOOP,28841,2,2
HADOOP,29082,2,2
HADOOP,30626,2,2
HADOOP,30707,2,1
HADOOP,30777,2,1
HADOOP,30792,2,2
HADOOP,30844,2,2
HADOOP,30873,2,1
HADOOP,30929,2,1
HADOOP,32598,2,1
HADOOP,32610,2,1
HADOOP,32621,2,1
HADOOP,33831,2,1
HADOOP,34121,2,2
HADOOP,34176,2,2
HADOOP,34192,2,1
HADOOP,35487,2,1
HADOOP,35662,2,1
HADOOP,36055,2,1
HADOOP,36092,2,2
HADOOP,36102,2,1
HADOOP,36148,2,2
HADOOP,36173,2,2
HADOOP,36187,2,2
HADOOP,36198,2,2
HADOOP,36241,2,1
HADOOP,36259,2,1
HADOOP,36289,2,1
HADOOP,36372,2,1
HADOOP,36419,2,1
HADOOP,36443,2,1
HADOOP,36509,2,1
HADOOP,36526,2,2
HADOOP,36539,2,1
HADOOP,36582,2,1
HADOOP,36591,2,1
HADOOP,36595,2,1
HADOOP,36607,2,1
HADOOP,36620,2,1
HADOOP,36624,2,1
HADOOP,36773,2,1
HADOOP,36795,2,1
HADOOP,36969,2,2
HADOOP,37538,2,2
HADOOP,37607,2,1
HADOOP,39969,2,1
HADOOP,42115,2,1
HADOOP,42481,2,1
HADOOP,42495,2,2
HADOOP,42661,2,2
HADOOP,44354,2,1
HADOOP,45015,2,2
HADOOP,45041,2,1
HADOOP,45306,2,1
HADOOP,45309,2,2
HADOOP,45452,2,1
HADOOP,45582,2,1
HADOOP,45630,2,2
HADOOP,45782,2,1
HADOOP,45861,2,2
HADOOP,45970,2,1
HADOOP,46000,2,1
HADOOP,46014,2,1
HADOOP,46368,2,1
HADOOP,46746,2,1
HADOOP,46747,2,1
HADOOP,46755,2,1
HADOOP,46762,2,1
HADOOP,46782,2,2
HADOOP,46789,2,2
HADOOP,46796,2,2
HADOOP,46799,2,1
HADOOP,46801,2,1
HADOOP,46807,2,1
HADOOP,46810,2,1
HADOOP,46813,2,1
HADOOP,46838,2,1
HADOOP,46840,2,2
HADOOP,46849,2,1
HADOOP,46862,2,1
HADOOP,46863,2,1
HADOOP,46866,2,1
HADOOP,46871,2,2
HADOOP,46874,2,1
HADOOP,46887,2,1
HADOOP,46898,2,1
HADOOP,46912,2,1
HADOOP,46913,2,1
HADOOP,46916,2,1
HADOOP,46929,2,1
HADOOP,46936,2,1
HADOOP,46937,2,1
HADOOP,46943,2,1
HADOOP,46944,2,1
HADOOP,46950,2,1
HADOOP,46956,2,1
HADOOP,46960,2,1
HADOOP,46996,2,1
HADOOP,47023,2,1
HADOOP,47028,2,2
HADOOP,47030,2,1
HADOOP,47034,2,1
HADOOP,47040,2,2
HADOOP,47054,2,1
HADOOP,47066,2,1
HADOOP,47069,2,1
HADOOP,47089,2,1
HADOOP,47093,2,1
HADOOP,47095,2,1
HADOOP,47100,2,2
HADOOP,47109,2,2
HADOOP,47115,2,1
HADOOP,47118,2,1
HADOOP,47126,2,1
HADOOP,47128,2,1
HADOOP,47129,2,2
HADOOP,47131,2,1
HADOOP,47148,2,1
HADOOP,47160,2,1
HADOOP,47161,2,1
HADOOP,47189,2,1
HADOOP,47195,2,2
HADOOP,47203,2,2
HADOOP,47205,2,1
HADOOP,47211,2,1
HADOOP,35691,1,1
HADOOP,45716,1,1
HADOOP,45717,1,1
HADOOP,34390,1,1
HADOOP,45734,1,1
HADOOP,45746,1,1
HADOOP,45753,1,1
HADOOP,34178,1,1
HADOOP,34166,1,1
HADOOP,34147,1,1
HADOOP,47201,1,1
HADOOP,33990,1,1
HADOOP,45801,1,1
HADOOP,45805,1,1
HADOOP,45809,1,1
HADOOP,33963,1,1
HADOOP,33944,1,1
HADOOP,33808,1,1
HADOOP,45835,1,1
HADOOP,33339,1,1
HADOOP,32642,1,1
HADOOP,45839,1,1
HADOOP,32636,1,1
HADOOP,45850,1,1
HADOOP,32633,1,1
HADOOP,45854,1,1
HADOOP,47130,1,1
HADOOP,45863,1,1
HADOOP,32618,1,1
HADOOP,45868,1,1
HADOOP,32578,1,1
HADOOP,45883,1,1
HADOOP,45898,1,1
HADOOP,45900,1,1
HADOOP,45944,1,1
HADOOP,45948,1,1
HADOOP,336,1,1
HADOOP,45975,1,1
HADOOP,47134,1,1
HADOOP,8232,1,1
HADOOP,32564,1,1
HADOOP,32552,1,1
HADOOP,46181,1,1
HADOOP,46207,1,1
HADOOP,46259,1,1
HADOOP,46267,1,1
HADOOP,31058,1,1
HADOOP,30937,1,1
HADOOP,46314,1,1
HADOOP,30916,1,1
HADOOP,46342,1,1
HADOOP,47136,1,1
HADOOP,46377,1,1
HADOOP,30911,1,1
HADOOP,30903,1,1
HADOOP,30896,1,1
HADOOP,46725,1,1
HADOOP,30890,1,1
HADOOP,46741,1,1
HADOOP,46742,1,1
HADOOP,30883,1,1
HADOOP,8172,1,1
HADOOP,47138,1,1
HADOOP,46750,1,1
HADOOP,30872,1,1
HADOOP,30773,1,1
HADOOP,47139,1,1
HADOOP,46758,1,1
HADOOP,46759,1,1
HADOOP,30758,1,1
HADOOP,8120,1,1
HADOOP,46763,1,1
HADOOP,46765,1,1
HADOOP,46770,1,1
HADOOP,30728,1,1
HADOOP,30726,1,1
HADOOP,30712,1,1
HADOOP,46774,1,1
HADOOP,30699,1,1
HADOOP,30684,1,1
HADOOP,30658,1,1
HADOOP,30650,1,1
HADOOP,46781,1,1
HADOOP,8113,1,1
HADOOP,46784,1,1
HADOOP,8036,1,1
HADOOP,30582,1,1
HADOOP,30581,1,1
HADOOP,30565,1,1
HADOOP,47147,1,1
HADOOP,30543,1,1
HADOOP,46798,1,1
HADOOP,47212,1,1
HADOOP,47149,1,1
HADOOP,46802,1,1
HADOOP,46803,1,1
HADOOP,46805,1,1
HADOOP,46806,1,1
HADOOP,8002,1,1
HADOOP,47151,1,1
HADOOP,46811,1,1
HADOOP,46812,1,1
HADOOP,47153,1,1
HADOOP,46816,1,1
HADOOP,30477,1,1
HADOOP,46818,1,1
HADOOP,30375,1,1
HADOOP,46820,1,1
HADOOP,46825,1,1
HADOOP,46826,1,1
HADOOP,46827,1,1
HADOOP,46828,1,1
HADOOP,28857,1,1
HADOOP,28695,1,1
HADOOP,46835,1,1
HADOOP,46837,1,1
HADOOP,47154,1,1
HADOOP,46839,1,1
HADOOP,47155,1,1
HADOOP,46841,1,1
HADOOP,46843,1,1
HADOOP,27925,1,1
HADOOP,46845,1,1
HADOOP,27898,1,1
HADOOP,26953,1,1
HADOOP,46848,1,1
HADOOP,47158,1,1
HADOOP,46850,1,1
HADOOP,46851,1,1
HADOOP,26948,1,1
HADOOP,46853,1,1
HADOOP,26761,1,1
HADOOP,46859,1,1
HADOOP,46860,1,1
HADOOP,47159,1,1
HADOOP,47206,1,1
HADOOP,26640,1,1
HADOOP,396,1,1
HADOOP,26506,1,1
HADOOP,26340,1,1
HADOOP,25981,1,1
HADOOP,47163,1,1
HADOOP,46872,1,1
HADOOP,46873,1,1
HADOOP,47164,1,1
HADOOP,46875,1,1
HADOOP,25459,1,1
HADOOP,46879,1,1
HADOOP,46880,1,1
HADOOP,25380,1,1
HADOOP,25341,1,1
HADOOP,25324,1,1
HADOOP,46886,1,1
HADOOP,47165,1,1
HADOOP,46888,1,1
HADOOP,46890,1,1
HADOOP,46892,1,1
HADOOP,25317,1,1
HADOOP,46896,1,1
HADOOP,25303,1,1
HADOOP,47166,1,1
HADOOP,22076,1,1
HADOOP,46901,1,1
HADOOP,46902,1,1
HADOOP,46904,1,1
HADOOP,46905,1,1
HADOOP,46907,1,1
HADOOP,46908,1,1
HADOOP,46910,1,1
HADOOP,22069,1,1
HADOOP,47167,1,1
HADOOP,7997,1,1
HADOOP,22063,1,1
HADOOP,46915,1,1
HADOOP,7929,1,1
HADOOP,46917,1,1
HADOOP,22060,1,1
HADOOP,21970,1,1
HADOOP,21898,1,1
HADOOP,46921,1,1
HADOOP,46925,1,1
HADOOP,46926,1,1
HADOOP,21884,1,1
HADOOP,46928,1,1
HADOOP,7567,1,1
HADOOP,46930,1,1
HADOOP,46931,1,1
HADOOP,46932,1,1
HADOOP,46933,1,1
HADOOP,46934,1,1
HADOOP,46935,1,1
HADOOP,6749,1,1
HADOOP,47173,1,1
HADOOP,46938,1,1
HADOOP,46939,1,1
HADOOP,46940,1,1
HADOOP,47176,1,1
HADOOP,47177,1,1
HADOOP,21485,1,1
HADOOP,5270,1,1
HADOOP,46951,1,1
HADOOP,21360,1,1
HADOOP,46953,1,1
HADOOP,21337,1,1
HADOOP,5038,1,1
HADOOP,46958,1,1
HADOOP,47181,1,1
HADOOP,46961,1,1
HADOOP,46962,1,1
HADOOP,46965,1,1
HADOOP,46966,1,1
HADOOP,46967,1,1
HADOOP,46968,1,1
HADOOP,46970,1,1
HADOOP,46971,1,1
HADOOP,46973,1,1
HADOOP,46974,1,1
HADOOP,21151,1,1
HADOOP,21147,1,1
HADOOP,46979,1,1
HADOOP,46981,1,1
HADOOP,46982,1,1
HADOOP,46983,1,1
HADOOP,46986,1,1
HADOOP,21116,1,1
HADOOP,46989,1,1
HADOOP,46990,1,1
HADOOP,21042,1,1
HADOOP,46993,1,1
HADOOP,46994,1,1
HADOOP,20811,1,1
HADOOP,4994,1,1
HADOOP,46998,1,1
HADOOP,47000,1,1
HADOOP,47001,1,1
HADOOP,47002,1,1
HADOOP,47003,1,1
HADOOP,47004,1,1
HADOOP,20782,1,1
HADOOP,47006,1,1
HADOOP,47007,1,1
HADOOP,47008,1,1
HADOOP,20703,1,1
HADOOP,47014,1,1
HADOOP,19121,1,1
HADOOP,19072,1,1
HADOOP,47018,1,1
HADOOP,18353,1,1
HADOOP,47020,1,1
HADOOP,47021,1,1
HADOOP,18299,1,1
HADOOP,47183,1,1
HADOOP,47024,1,1
HADOOP,17196,1,1
HADOOP,47027,1,1
HADOOP,47185,1,1
HADOOP,47029,1,1
HADOOP,4640,1,1
HADOOP,17191,1,1
HADOOP,17186,1,1
HADOOP,4623,1,1
HADOOP,47036,1,1
HADOOP,47037,1,1
HADOOP,47038,1,1
HADOOP,17143,1,1
HADOOP,4466,1,1
HADOOP,17137,1,1
HADOOP,17123,1,1
HADOOP,47046,1,1
HADOOP,16934,1,1
HADOOP,47048,1,1
HADOOP,47049,1,1
HADOOP,47050,1,1
HADOOP,47051,1,1
HADOOP,47052,1,1
HADOOP,47053,1,1
HADOOP,47208,1,1
HADOOP,47057,1,1
HADOOP,16647,1,1
HADOOP,14119,1,1
HADOOP,13600,1,1
HADOOP,12175,1,1
HADOOP,47062,1,1
HADOOP,12096,1,1
HADOOP,47064,1,1
HADOOP,47065,1,1
HADOOP,3421,1,1
HADOOP,11249,1,1
HADOOP,3319,1,1
HADOOP,47070,1,1
HADOOP,47071,1,1
HADOOP,47072,1,1
HADOOP,10327,1,1
HADOOP,47074,1,1
HADOOP,47075,1,1
HADOOP,47077,1,1
HADOOP,9352,1,1
HADOOP,8982,1,1
HADOOP,47080,1,1
HADOOP,8842,1,1
HADOOP,8666,1,1
HADOOP,8660,1,1
HADOOP,47085,1,1
HADOOP,47087,1,1
HADOOP,2946,1,1
HADOOP,47193,1,1
HADOOP,47094,1,1
HADOOP,2144,1,1
HADOOP,47096,1,1
HADOOP,8612,1,1
HADOOP,47209,1,1
HADOOP,47101,1,1
HADOOP,47103,1,1
HADOOP,47104,1,1
HADOOP,8610,1,1
HADOOP,8511,1,1
HADOOP,8483,1,1
HADOOP,2036,1,1
HADOOP,36793,1,1
HADOOP,36777,1,1
HADOOP,36701,1,1
HADOOP,36898,1,1
HADOOP,8357,1,1
HADOOP,37004,1,1
HADOOP,37037,1,1
HADOOP,36693,1,1
HADOOP,36613,1,1
HADOOP,36611,1,1
HADOOP,47111,1,1
HADOOP,8352,1,1
HADOOP,36596,1,1
HADOOP,38399,1,1
HADOOP,36589,1,1
HADOOP,36584,1,1
HADOOP,1742,1,1
HADOOP,40029,1,1
HADOOP,41676,1,1
HADOOP,8341,1,1
HADOOP,36574,1,1
HADOOP,36559,1,1
HADOOP,47117,1,1
HADOOP,42494,1,1
HADOOP,47198,1,1
HADOOP,47119,1,1
HADOOP,36548,1,1
HADOOP,42775,1,1
HADOOP,36541,1,1
HADOOP,36535,1,1
HADOOP,44347,1,1
HADOOP,47120,1,1
HADOOP,36492,1,1
HADOOP,44866,1,1
HADOOP,36488,1,1
HADOOP,36482,1,1
HADOOP,36481,1,1
HADOOP,45010,1,1
HADOOP,47121,1,1
HADOOP,45025,1,1
HADOOP,45040,1,1
HADOOP,47122,1,1
HADOOP,36455,1,1
HADOOP,36436,1,1
HADOOP,36430,1,1
HADOOP,45183,1,1
HADOOP,45213,1,1
HADOOP,36412,1,1
HADOOP,36393,1,1
HADOOP,47124,1,1
HADOOP,8256,1,1
HADOOP,36392,1,1
HADOOP,45363,1,1
HADOOP,36377,1,1
HADOOP,36368,1,1
HADOOP,45420,1,1
HADOOP,759,1,1
HADOOP,45455,1,1
HADOOP,36352,1,1
HADOOP,36349,1,1
HADOOP,36344,1,1
HADOOP,36309,1,1
HADOOP,36296,1,1
HADOOP,36189,1,1
HADOOP,47127,1,1
HADOOP,36175,1,1
HADOOP,45588,1,1
HADOOP,45589,1,1
HADOOP,45612,1,1
HADOOP,36149,1,1
HADOOP,36130,1,1
HADOOP,570,1,1
HADOOP,36066,1,1
HADOOP,36042,1,1
HADOOP,45658,1,1
HADOOP,45659,1,1
HADOOP,45664,1,1
HADOOP,36028,1,1
HADOOP,45675,1,1
HADOOP,45679,1,1
HADOOP,36023,1,1
HADOOP,36007,1,1
HADOOP,35894,1,1
